,date,price,quantity
7102,2021-10-08,14000.0,897791.2370914338
7103,2021-10-08,15000.0,1167692.8499491587
7104,2021-10-08,16000.0,6335065.806577824
7105,2021-10-08,17000.0,4665987.16735411
7106,2021-10-08,18000.0,4578375.081286283
7107,2021-10-08,19000.0,3325601.2617988572
7108,2021-10-08,20000.0,11276952.399153221
7109,2021-10-08,21000.0,4784631.79660506
7110,2021-10-08,22000.0,4244657.953532724
7111,2021-10-08,23000.0,4614786.763879067
7112,2021-10-08,24000.0,1821045.6958356467
7113,2021-10-08,25000.0,6338832.432072462
7114,2021-10-08,26000.0,4192544.5012542107
7115,2021-10-08,27000.0,4320892.242208904
7116,2021-10-08,28000.0,6312157.987907148
7117,2021-10-08,29000.0,3108545.3810411594
7118,2021-10-08,30000.0,8226323.787756854
7119,2021-10-08,31000.0,4092286.0897600185
7120,2021-10-08,32000.0,4738805.043959206
7121,2021-10-08,33000.0,18828964.420904446
7122,2021-10-08,34000.0,61942512.16214158
7123,2021-10-08,35000.0,40678168.10765457
7124,2021-10-08,36000.0,20788458.49564715
7125,2021-10-08,37000.0,13112883.474918928
7126,2021-10-08,38000.0,23563495.61265728
7127,2021-10-08,39000.0,26061470.011095975
7128,2021-10-08,40000.0,21216683.142888725
7129,2021-10-08,41000.0,26654261.09305254
7130,2021-10-08,42000.0,13316056.422876146
7131,2021-10-08,43000.0,12501307.639967244
7132,2021-10-08,44000.0,8850157.711791813
7133,2021-10-08,45000.0,23570032.955795795
7134,2021-10-08,46000.0,17471069.77225454
7135,2021-10-08,47000.0,20724747.329179466
7136,2021-10-08,48000.0,20073061.239907347
7137,2021-10-08,49000.0,26443118.99573934
7138,2021-10-08,50000.0,21065942.931151208
7139,2021-10-08,51000.0,27752328.900207665
7140,2021-10-08,52000.0,21945366.0532092
7141,2021-10-08,53000.0,32811430.472465947
7142,2021-10-08,54000.0,45732987.79414606
7143,2021-10-08,55000.0,24331732.041831136
7144,2021-10-08,56000.0,22532168.65722963
7145,2021-10-08,57000.0,18554289.801174466
7146,2021-10-08,58000.0,19559660.791399945
7147,2021-10-08,59000.0,20804603.074902255
7148,2021-10-08,60000.0,45010508.60916333
7149,2021-10-08,61000.0,3634469.688196215
7150,2021-10-08,62000.0,6540703.576339635
7151,2021-10-08,63000.0,5724995.502542702
7152,2021-10-08,64000.0,14972394.274718875
7153,2021-10-08,65000.0,15925538.87174068
7154,2021-10-08,66000.0,4237593.4146921085
7155,2021-10-08,67000.0,5406701.7971262215
7156,2021-10-08,68000.0,5261333.638310929
7157,2021-10-08,69000.0,3638285.7319252547
7158,2021-10-08,70000.0,9842483.626763333
7159,2021-10-08,71000.0,3857464.134653266
7160,2021-10-08,72000.0,2301438.391750984
7161,2021-10-08,73000.0,6328882.5234246105
7162,2021-10-08,74000.0,6688002.6355876075
7163,2021-10-08,75000.0,11945831.994486345
7164,2021-10-08,76000.0,7066196.761736167
7165,2021-10-08,77000.0,8122349.567492272
7166,2021-10-08,78000.0,6689422.059008866
7167,2021-10-08,79000.0,2469168.1185006564
7168,2021-10-08,80000.0,12980801.228821278
7169,2021-10-11,14000.0,681874.7447399982
7170,2021-10-11,15000.0,1180831.3727236448
7171,2021-10-11,16000.0,3198095.9863691507
7172,2021-10-11,17000.0,953513.3292624418
7173,2021-10-11,18000.0,1405461.2737516486
7174,2021-10-11,19000.0,1376253.9601588927
7175,2021-10-11,20000.0,7677848.386107011
7176,2021-10-11,21000.0,5805456.967162605
7177,2021-10-11,22000.0,2394818.8516217824
7178,2021-10-11,23000.0,1731856.7540441127
7179,2021-10-11,24000.0,4270778.758996363
7180,2021-10-11,25000.0,7780025.439556213
7181,2021-10-11,26000.0,2646374.602345338
7182,2021-10-11,27000.0,3223674.7369217994
7183,2021-10-11,28000.0,5200021.32638539
7184,2021-10-11,29000.0,6246212.331929726
7185,2021-10-11,30000.0,15517867.233143391
7186,2021-10-11,31000.0,5950580.612985052
7187,2021-10-11,32000.0,4545741.443046378
7188,2021-10-11,33000.0,16797200.306123596
7189,2021-10-11,34000.0,49720141.60197481
7190,2021-10-11,35000.0,17376005.91306308
7191,2021-10-11,36000.0,10540998.74521871
7192,2021-10-11,37000.0,7482128.974501782
7193,2021-10-11,38000.0,8968153.681956673
7194,2021-10-11,39000.0,12103841.951046668
7195,2021-10-11,40000.0,15533225.850166367
7196,2021-10-11,41000.0,25667666.246484634
7197,2021-10-11,42000.0,8805436.156480765
7198,2021-10-11,43000.0,5354226.3872841485
7199,2021-10-11,44000.0,10721862.487318348
7200,2021-10-11,45000.0,18983868.187043622
7201,2021-10-11,46000.0,10102711.982175957
7202,2021-10-11,47000.0,15380628.981156472
7203,2021-10-11,48000.0,13138647.73186642
7204,2021-10-11,49000.0,29975685.44510755
7205,2021-10-11,50000.0,25976708.10788506
7206,2021-10-11,51000.0,21033252.020531032
7207,2021-10-11,52000.0,49942150.42958977
7208,2021-10-11,53000.0,44086377.325284764
7209,2021-10-11,54000.0,19657103.00517104
7210,2021-10-11,55000.0,34862628.73991634
7211,2021-10-11,56000.0,39228276.33103525
7212,2021-10-11,57000.0,24235898.690814618
7213,2021-10-11,58000.0,43560019.25121653
7214,2021-10-11,59000.0,37486972.69485168
7215,2021-10-11,60000.0,81811312.3042047
7216,2021-10-11,61000.0,32757428.458336387
7217,2021-10-11,62000.0,14912425.398067914
7218,2021-10-11,63000.0,13013354.534085684
7219,2021-10-11,64000.0,11610218.737148808
7220,2021-10-11,65000.0,17828422.538800653
7221,2021-10-11,66000.0,5430620.338454827
7222,2021-10-11,67000.0,5862929.329163742
7223,2021-10-11,68000.0,8636673.572197298
7224,2021-10-11,69000.0,6866799.015856375
7225,2021-10-11,70000.0,13866513.17602126
7226,2021-10-11,71000.0,4688410.758195259
7227,2021-10-11,72000.0,5683075.843629248
7228,2021-10-11,73000.0,6411589.875634778
7229,2021-10-11,74000.0,5885472.061608223
7230,2021-10-11,75000.0,10554715.473474251
7231,2021-10-11,76000.0,2950461.4057732634
7232,2021-10-11,77000.0,6012539.937715465
7233,2021-10-11,78000.0,4926767.352387939
7234,2021-10-11,79000.0,2345381.4565976653
7235,2021-10-11,80000.0,13619528.704211988
7236,2021-10-14,14000.0,374856.1239887241
7237,2021-10-14,15000.0,995289.5706595976
7238,2021-10-14,16000.0,3875870.162951405
7239,2021-10-14,17000.0,895911.7882760059
7240,2021-10-14,18000.0,1427144.387040519
7241,2021-10-14,19000.0,1640895.3526411136
7242,2021-10-14,20000.0,10757246.593260162
7243,2021-10-14,21000.0,3137842.8829346043
7244,2021-10-14,22000.0,2371144.945512262
7245,2021-10-14,23000.0,4052838.2607696806
7246,2021-10-14,24000.0,3332564.4108337197
7247,2021-10-14,25000.0,4226887.199797193
7248,2021-10-14,26000.0,2810320.0213655555
7249,2021-10-14,27000.0,5476175.50815347
7250,2021-10-14,28000.0,5904612.115046793
7251,2021-10-14,29000.0,4968986.000574476
7252,2021-10-14,30000.0,6790407.32151496
7253,2021-10-14,31000.0,2613621.1286794418
7254,2021-10-14,32000.0,3064408.7588704135
7255,2021-10-14,33000.0,8921707.7146002
7256,2021-10-14,34000.0,53036556.36612591
7257,2021-10-14,35000.0,25499198.924733523
7258,2021-10-14,36000.0,9157421.876676902
7259,2021-10-14,37000.0,4728746.143040114
7260,2021-10-14,38000.0,10098395.793149773
7261,2021-10-14,39000.0,10206392.54955562
7262,2021-10-14,40000.0,16452667.222840145
7263,2021-10-14,41000.0,22697218.833520096
7264,2021-10-14,42000.0,9031368.957977176
7265,2021-10-14,43000.0,5500455.826979845
7266,2021-10-14,44000.0,5640409.831689744
7267,2021-10-14,45000.0,6893302.251995321
7268,2021-10-14,46000.0,8326475.364136648
7269,2021-10-14,47000.0,10468988.62800886
7270,2021-10-14,48000.0,15886802.073147964
7271,2021-10-14,49000.0,28596373.080985602
7272,2021-10-14,50000.0,16830851.68436756
7273,2021-10-14,51000.0,28748760.106792465
7274,2021-10-14,52000.0,33193409.348541003
7275,2021-10-14,53000.0,43948001.01972155
7276,2021-10-14,54000.0,28736984.326318998
7277,2021-10-14,55000.0,28939667.795552313
7278,2021-10-14,56000.0,29724625.180301294
7279,2021-10-14,57000.0,43932596.77148554
7280,2021-10-14,58000.0,30665395.70077716
7281,2021-10-14,59000.0,39331686.61151421
7282,2021-10-14,60000.0,141391446.4203954
7283,2021-10-14,61000.0,46560094.42345379
7284,2021-10-14,62000.0,14501647.12613856
7285,2021-10-14,63000.0,14200699.031591088
7286,2021-10-14,64000.0,18338430.756685015
7287,2021-10-14,65000.0,26955598.01003766
7288,2021-10-14,66000.0,7736855.8597599175
7289,2021-10-14,67000.0,3553503.3187352293
7290,2021-10-14,68000.0,12264795.026079448
7291,2021-10-14,69000.0,3988567.0749241933
7292,2021-10-14,70000.0,16837585.066824157
7293,2021-10-14,71000.0,2714291.4335234133
7294,2021-10-14,72000.0,4967695.650693803
7295,2021-10-14,73000.0,5506350.650139067
7296,2021-10-14,74000.0,9669792.024048012
7297,2021-10-14,75000.0,25814588.89519149
7298,2021-10-14,76000.0,1027929.9440381076
7299,2021-10-14,77000.0,4170591.7263784655
7300,2021-10-14,78000.0,6322908.723294947
7301,2021-10-14,79000.0,2273920.586819781
7302,2021-10-14,80000.0,15929588.312719144
7303,2021-10-17,14000.0,604814.3498346317
7304,2021-10-17,15000.0,1326521.675947024
7305,2021-10-17,16000.0,2637895.2626521634
7306,2021-10-17,17000.0,1031592.632265001
7307,2021-10-17,18000.0,1840895.885432735
7308,2021-10-17,19000.0,1203010.1789606498
7309,2021-10-17,20000.0,5961581.88150354
7310,2021-10-17,21000.0,3276003.232574002
7311,2021-10-17,22000.0,4169028.458524741
7312,2021-10-17,23000.0,2729080.2409522515
7313,2021-10-17,24000.0,3470065.8666131115
7314,2021-10-17,25000.0,6226041.549339437
7315,2021-10-17,26000.0,2168239.864826783
7316,2021-10-17,27000.0,4481452.365355387
7317,2021-10-17,28000.0,6253529.786112088
7318,2021-10-17,29000.0,2775909.035197242
7319,2021-10-17,30000.0,14145875.404431703
7320,2021-10-17,31000.0,5241024.443980581
7321,2021-10-17,32000.0,5384761.436637123
7322,2021-10-17,33000.0,10958463.007617485
7323,2021-10-17,34000.0,48405022.82028071
7324,2021-10-17,35000.0,34261585.21116814
7325,2021-10-17,36000.0,4242426.040452367
7326,2021-10-17,37000.0,5805182.934105968
7327,2021-10-17,38000.0,16047393.43579746
7328,2021-10-17,39000.0,10476450.760094153
7329,2021-10-17,40000.0,17110286.211396452
7330,2021-10-17,41000.0,22970034.792366564
7331,2021-10-17,42000.0,12251530.783376308
7332,2021-10-17,43000.0,4830613.524531981
7333,2021-10-17,44000.0,4184064.4789012885
7334,2021-10-17,45000.0,6276994.116131841
7335,2021-10-17,46000.0,6476171.996278614
7336,2021-10-17,47000.0,10740883.014215495
7337,2021-10-17,48000.0,15147577.743274229
7338,2021-10-17,49000.0,16982386.089485377
7339,2021-10-17,50000.0,15083149.89347934
7340,2021-10-17,51000.0,23286591.618456587
7341,2021-10-17,52000.0,19494293.439667385
7342,2021-10-17,53000.0,13767986.534650303
7343,2021-10-17,54000.0,36654431.822531536
7344,2021-10-17,55000.0,23942490.592854828
7345,2021-10-17,56000.0,28388664.755227253
7346,2021-10-17,57000.0,10571382.260755077
7347,2021-10-17,58000.0,49371665.19433439
7348,2021-10-17,59000.0,31297512.56068932
7349,2021-10-17,60000.0,13950164.293513007
7350,2021-10-17,61000.0,14452549.751726922
7351,2021-10-17,62000.0,32537789.140678227
7352,2021-10-17,63000.0,67450764.34520325
7353,2021-10-17,64000.0,46768505.29921957
7354,2021-10-17,65000.0,53304868.540549695
7355,2021-10-17,66000.0,19961587.749251395
7356,2021-10-17,67000.0,7608089.765612725
7357,2021-10-17,68000.0,19110179.753300786
7358,2021-10-17,69000.0,10092167.165549247
7359,2021-10-17,70000.0,26543508.3232511
7360,2021-10-17,71000.0,3136323.479076699
7361,2021-10-17,72000.0,8193765.525460414
7362,2021-10-17,73000.0,3655968.44759132
7363,2021-10-17,74000.0,13802483.82449289
7364,2021-10-17,75000.0,15155467.126563653
7365,2021-10-17,76000.0,892532.2546341338
7366,2021-10-17,77000.0,5632485.726015699
7367,2021-10-17,78000.0,9068895.384910252
7368,2021-10-17,79000.0,4974415.352473002
7369,2021-10-17,80000.0,20296127.359811008
7370,2021-10-20,14000.0,1363930.7558810872
7371,2021-10-20,15000.0,1358605.5262934915
7372,2021-10-20,16000.0,2132682.497884107
7373,2021-10-20,17000.0,1038735.9688969658
7374,2021-10-20,18000.0,1032871.8463766953
7375,2021-10-20,19000.0,961967.0217349926
7376,2021-10-20,20000.0,4530518.597341676
7377,2021-10-20,21000.0,1766162.1974093711
7378,2021-10-20,22000.0,3040282.704709936
7379,2021-10-20,23000.0,3578825.309687248
7380,2021-10-20,24000.0,1203158.2590779585
7381,2021-10-20,25000.0,5974290.99926465
7382,2021-10-20,26000.0,2266505.564871819
7383,2021-10-20,27000.0,4930410.904038851
7384,2021-10-20,28000.0,5801478.540890794
7385,2021-10-20,29000.0,3355813.165136698
7386,2021-10-20,30000.0,12787878.335240131
7387,2021-10-20,31000.0,5003579.4897555495
7388,2021-10-20,32000.0,5711528.03657064
7389,2021-10-20,33000.0,2355614.129278183
7390,2021-10-20,34000.0,19711296.53287142
7391,2021-10-20,35000.0,26135671.321442354
7392,2021-10-20,36000.0,5958809.747461587
7393,2021-10-20,37000.0,9020039.138521163
7394,2021-10-20,38000.0,12854223.540714612
7395,2021-10-20,39000.0,8818492.513728514
7396,2021-10-20,40000.0,11499682.733686583
7397,2021-10-20,41000.0,24082635.066305283
7398,2021-10-20,42000.0,7176974.842616956
7399,2021-10-20,43000.0,5942004.604063027
7400,2021-10-20,44000.0,4502666.317416531
7401,2021-10-20,45000.0,10713433.92509569
7402,2021-10-20,46000.0,4280073.463745804
7403,2021-10-20,47000.0,7407391.142538351
7404,2021-10-20,48000.0,13319018.13575008
7405,2021-10-20,49000.0,18231333.492210016
7406,2021-10-20,50000.0,12324679.486314557
7407,2021-10-20,51000.0,18834930.962329913
7408,2021-10-20,52000.0,12265879.198674284
7409,2021-10-20,53000.0,9111962.569077428
7410,2021-10-20,54000.0,28762608.466440275
7411,2021-10-20,55000.0,17189471.22283359
7412,2021-10-20,56000.0,15940007.826466803
7413,2021-10-20,57000.0,18564630.942463633
7414,2021-10-20,58000.0,13171875.080206247
7415,2021-10-20,59000.0,23212872.138883688
7416,2021-10-20,60000.0,22137204.454034444
7417,2021-10-20,61000.0,22254641.948316257
7418,2021-10-20,62000.0,19231490.49814624
7419,2021-10-20,63000.0,17295715.714542314
7420,2021-10-20,64000.0,28434043.927993845
7421,2021-10-20,65000.0,22581969.652825985
7422,2021-10-20,66000.0,24089862.08121419
7423,2021-10-20,67000.0,27949164.173665408
7424,2021-10-20,68000.0,27702366.686317895
7425,2021-10-20,69000.0,14807257.667509701
7426,2021-10-20,70000.0,61259824.73324804
7427,2021-10-20,71000.0,8021792.422239291
7428,2021-10-20,72000.0,9861416.649486894
7429,2021-10-20,73000.0,16163207.94566401
7430,2021-10-20,74000.0,11470412.675583228
7431,2021-10-20,75000.0,40497720.57587211
7432,2021-10-20,76000.0,2797588.195596788
7433,2021-10-20,77000.0,4525321.026138826
7434,2021-10-20,78000.0,8969658.569366686
7435,2021-10-20,79000.0,13154096.403616672
7436,2021-10-20,80000.0,24421650.861213688
7437,2021-10-23,14000.0,1808295.448144185
7438,2021-10-23,15000.0,3229451.758867405
7439,2021-10-23,16000.0,2954700.8204410407
7440,2021-10-23,17000.0,1082443.6975266547
7441,2021-10-23,18000.0,1238841.3185625805
7442,2021-10-23,19000.0,1812078.2554843696
7443,2021-10-23,20000.0,7757590.285763764
7444,2021-10-23,21000.0,4561588.137366133
7445,2021-10-23,22000.0,3867325.362183002
7446,2021-10-23,23000.0,3632380.98830586
7447,2021-10-23,24000.0,2721180.9898907477
7448,2021-10-23,25000.0,6960421.729488476
7449,2021-10-23,26000.0,1970886.1515282292
7450,2021-10-23,27000.0,2590180.373174729
7451,2021-10-23,28000.0,5617871.80022256
7452,2021-10-23,29000.0,2967756.9166133353
7453,2021-10-23,30000.0,15869210.810116226
7454,2021-10-23,31000.0,4743651.262631355
7455,2021-10-23,32000.0,3935616.6482565976
7456,2021-10-23,33000.0,5763639.0197370015
7457,2021-10-23,34000.0,3691556.500197207
7458,2021-10-23,35000.0,6676367.17417434
7459,2021-10-23,36000.0,3985746.655746793
7460,2021-10-23,37000.0,3810515.019778923
7461,2021-10-23,38000.0,13495013.09450198
7462,2021-10-23,39000.0,8469434.26889715
7463,2021-10-23,40000.0,18866075.647297915
7464,2021-10-23,41000.0,10932955.095438948
7465,2021-10-23,42000.0,10203626.038507495
7466,2021-10-23,43000.0,6034752.484677236
7467,2021-10-23,44000.0,4384295.339180939
7468,2021-10-23,45000.0,9744637.841547802
7469,2021-10-23,46000.0,3492552.366052526
7470,2021-10-23,47000.0,7003245.551029264
7471,2021-10-23,48000.0,6060815.915965702
7472,2021-10-23,49000.0,9827886.246806359
7473,2021-10-23,50000.0,10152852.85620501
7474,2021-10-23,51000.0,13704255.998467963
7475,2021-10-23,52000.0,9963397.84247203
7476,2021-10-23,53000.0,15932422.257924518
7477,2021-10-23,54000.0,41920256.39993693
7478,2021-10-23,55000.0,52770197.36710052
7479,2021-10-23,56000.0,18997825.499303635
7480,2021-10-23,57000.0,26298437.290893324
7481,2021-10-23,58000.0,58621690.26851177
7482,2021-10-23,59000.0,65531798.95371891
7483,2021-10-23,60000.0,42651534.09812533
7484,2021-10-23,61000.0,41025268.085277654
7485,2021-10-23,62000.0,45171662.123395115
7486,2021-10-23,63000.0,22111889.579223637
7487,2021-10-23,64000.0,26901736.636051297
7488,2021-10-23,65000.0,44075133.09977339
7489,2021-10-23,66000.0,11676149.167814268
7490,2021-10-23,67000.0,34319202.00835958
7491,2021-10-23,68000.0,32732610.01567232
7492,2021-10-23,69000.0,49133548.62326768
7493,2021-10-23,70000.0,58187003.149588756
7494,2021-10-23,71000.0,9238024.948143026
7495,2021-10-23,72000.0,10194219.14761973
7496,2021-10-23,73000.0,7376928.254680506
7497,2021-10-23,74000.0,14552637.031601889
7498,2021-10-23,75000.0,22263028.75945627
7499,2021-10-23,76000.0,2372820.7050577663
7500,2021-10-23,77000.0,4668966.958736275
7501,2021-10-23,78000.0,11637035.932473069
7502,2021-10-23,79000.0,11681267.352070719
7503,2021-10-23,80000.0,11844514.220871767
7504,2021-10-26,14000.0,1758742.74107404
7505,2021-10-26,15000.0,2956661.0586724146
7506,2021-10-26,16000.0,1352210.75374474
7507,2021-10-26,17000.0,293652.31118291453
7508,2021-10-26,18000.0,704702.8704782552
7509,2021-10-26,19000.0,2169218.727253723
7510,2021-10-26,20000.0,2582858.457311225
7511,2021-10-26,21000.0,2611441.7800132297
7512,2021-10-26,22000.0,3157975.209127919
7513,2021-10-26,23000.0,2420322.9070798354
7514,2021-10-26,24000.0,1784501.7253643954
7515,2021-10-26,25000.0,4011015.780701473
7516,2021-10-26,26000.0,2437874.782792768
7517,2021-10-26,27000.0,4924899.881459006
7518,2021-10-26,28000.0,4556006.832294487
7519,2021-10-26,29000.0,6885487.079505594
7520,2021-10-26,30000.0,11373581.360551022
7521,2021-10-26,31000.0,3064198.945711277
7522,2021-10-26,32000.0,2898163.6196847004
7523,2021-10-26,33000.0,2556683.344363202
7524,2021-10-26,34000.0,3950663.1896731094
7525,2021-10-26,35000.0,7284438.149381917
7526,2021-10-26,36000.0,4434647.142270862
7527,2021-10-26,37000.0,6441732.097163593
7528,2021-10-26,38000.0,7010248.852394837
7529,2021-10-26,39000.0,6550272.619669589
7530,2021-10-26,40000.0,13533049.98361422
7531,2021-10-26,41000.0,11647740.245962914
7532,2021-10-26,42000.0,10549838.059117079
7533,2021-10-26,43000.0,3819869.055004351
7534,2021-10-26,44000.0,3229236.242060251
7535,2021-10-26,45000.0,5931058.999340809
7536,2021-10-26,46000.0,2814793.7802651315
7537,2021-10-26,47000.0,7514661.7597420355
7538,2021-10-26,48000.0,3576575.1057079434
7539,2021-10-26,49000.0,12246124.090821167
7540,2021-10-26,50000.0,11727066.582226077
7541,2021-10-26,51000.0,6070927.196150058
7542,2021-10-26,52000.0,17976810.982847665
7543,2021-10-26,53000.0,24268395.118924074
7544,2021-10-26,54000.0,56654731.503206775
7545,2021-10-26,55000.0,42930015.97430075
7546,2021-10-26,56000.0,21113460.734190412
7547,2021-10-26,57000.0,31843811.39166011
7548,2021-10-26,58000.0,63909632.71046439
7549,2021-10-26,59000.0,56070583.22227477
7550,2021-10-26,60000.0,42619256.62118056
7551,2021-10-26,61000.0,24566901.897610184
7552,2021-10-26,62000.0,8487275.287250524
7553,2021-10-26,63000.0,13849387.42861525
7554,2021-10-26,64000.0,30077929.262566067
7555,2021-10-26,65000.0,15422692.943559961
7556,2021-10-26,66000.0,17780380.382911284
7557,2021-10-26,67000.0,20178824.564332597
7558,2021-10-26,68000.0,31585080.09172615
7559,2021-10-26,69000.0,34976514.45432042
7560,2021-10-26,70000.0,59326628.94383082
7561,2021-10-26,71000.0,11430792.136073079
7562,2021-10-26,72000.0,16451591.953554112
7563,2021-10-26,73000.0,7387911.576294228
7564,2021-10-26,74000.0,7189415.179359661
7565,2021-10-26,75000.0,31328930.85753709
7566,2021-10-26,76000.0,3410178.043161793
7567,2021-10-26,77000.0,6894258.927471331
7568,2021-10-26,78000.0,5934853.849054825
7569,2021-10-26,79000.0,5782988.839878266
7570,2021-10-26,80000.0,10572713.02700581
7571,2021-10-29,14000.0,1446852.147167186
7572,2021-10-29,15000.0,1301452.0571325978
7573,2021-10-29,16000.0,1617035.6599632646
7574,2021-10-29,17000.0,302508.75483551406
7575,2021-10-29,18000.0,1331110.7540422173
7576,2021-10-29,19000.0,1625044.1889324933
7577,2021-10-29,20000.0,10718801.08648433
7578,2021-10-29,21000.0,1960753.7606915666
7579,2021-10-29,22000.0,3675613.8504869645
7580,2021-10-29,23000.0,2208674.9116473794
7581,2021-10-29,24000.0,1878473.9911823815
7582,2021-10-29,25000.0,6723404.475068115
7583,2021-10-29,26000.0,2219924.6615030556
7584,2021-10-29,27000.0,4625746.855924772
7585,2021-10-29,28000.0,2763008.891739923
7586,2021-10-29,29000.0,3041233.191212872
7587,2021-10-29,30000.0,8560751.180350669
7588,2021-10-29,31000.0,3072350.5714912578
7589,2021-10-29,32000.0,4585296.053499727
7590,2021-10-29,33000.0,5025244.678457019
7591,2021-10-29,34000.0,5224411.152708381
7592,2021-10-29,35000.0,6906194.179415995
7593,2021-10-29,36000.0,6548644.927308081
7594,2021-10-29,37000.0,7476960.4680157285
7595,2021-10-29,38000.0,9778980.311214328
7596,2021-10-29,39000.0,4723942.843279809
7597,2021-10-29,40000.0,12805513.435858903
7598,2021-10-29,41000.0,5808948.99135103
7599,2021-10-29,42000.0,6473151.955078105
7600,2021-10-29,43000.0,4035940.980003567
7601,2021-10-29,44000.0,3692979.873617031
7602,2021-10-29,45000.0,10393204.709611498
7603,2021-10-29,46000.0,2541669.7188214855
7604,2021-10-29,47000.0,3011669.7502750424
7605,2021-10-29,48000.0,4494293.961662385
7606,2021-10-29,49000.0,14140949.385929497
7607,2021-10-29,50000.0,5583130.030386296
7608,2021-10-29,51000.0,9638220.803441215
7609,2021-10-29,52000.0,13603690.339053389
7610,2021-10-29,53000.0,19878952.73056514
7611,2021-10-29,54000.0,77548020.48586403
7612,2021-10-29,55000.0,36841011.208765276
7613,2021-10-29,56000.0,36337799.48904043
7614,2021-10-29,57000.0,38978566.761483274
7615,2021-10-29,58000.0,53084809.32564316
7616,2021-10-29,59000.0,41945993.110515565
7617,2021-10-29,60000.0,21463767.08488934
7618,2021-10-29,61000.0,41217736.145642646
7619,2021-10-29,62000.0,12843067.288004497
7620,2021-10-29,63000.0,30449790.69238062
7621,2021-10-29,64000.0,68611892.1523876
7622,2021-10-29,65000.0,19353498.430320702
7623,2021-10-29,66000.0,18682940.3209227
7624,2021-10-29,67000.0,21739107.19190076
7625,2021-10-29,68000.0,36088689.40270017
7626,2021-10-29,69000.0,19574565.377938315
7627,2021-10-29,70000.0,53220785.17287884
7628,2021-10-29,71000.0,17999464.146298897
7629,2021-10-29,72000.0,11413840.315749597
7630,2021-10-29,73000.0,6528180.327241258
7631,2021-10-29,74000.0,10965177.556147115
7632,2021-10-29,75000.0,30065591.157457303
7633,2021-10-29,76000.0,2831778.435478761
7634,2021-10-29,77000.0,6953119.434005247
7635,2021-10-29,78000.0,13642136.649087531
7636,2021-10-29,79000.0,4348073.715984554
7637,2021-10-29,80000.0,10382517.99103761
7638,2021-11-01,14000.0,932699.3729791672
7639,2021-11-01,15000.0,2710083.7108270763
7640,2021-11-01,16000.0,3171775.615850044
7641,2021-11-01,17000.0,412005.05208050204
7642,2021-11-01,18000.0,1412453.4423143312
7643,2021-11-01,19000.0,1044870.8591848715
7644,2021-11-01,20000.0,12469373.502360739
7645,2021-11-01,21000.0,3624630.143747459
7646,2021-11-01,22000.0,2052074.2198596958
7647,2021-11-01,23000.0,1444549.5243713637
7648,2021-11-01,24000.0,997550.9401267647
7649,2021-11-01,25000.0,3785805.308492812
7650,2021-11-01,26000.0,2143959.4343653177
7651,2021-11-01,27000.0,4781304.921706444
7652,2021-11-01,28000.0,3702263.9986108523
7653,2021-11-01,29000.0,3333942.7326793605
7654,2021-11-01,30000.0,11427782.045286534
7655,2021-11-01,31000.0,3850576.40991208
7656,2021-11-01,32000.0,2219139.4240022097
7657,2021-11-01,33000.0,3632230.650814046
7658,2021-11-01,34000.0,4343281.559401093
7659,2021-11-01,35000.0,6878927.711637002
7660,2021-11-01,36000.0,4604269.117987885
7661,2021-11-01,37000.0,6078420.5595959285
7662,2021-11-01,38000.0,5923467.305120576
7663,2021-11-01,39000.0,3180910.641311885
7664,2021-11-01,40000.0,12361285.419192545
7665,2021-11-01,41000.0,8111397.58141521
7666,2021-11-01,42000.0,5700607.9206753
7667,2021-11-01,43000.0,5031630.42981597
7668,2021-11-01,44000.0,5580275.54974025
7669,2021-11-01,45000.0,3903400.9537950675
7670,2021-11-01,46000.0,3723487.6120135547
7671,2021-11-01,47000.0,3752093.141188119
7672,2021-11-01,48000.0,6366364.556521122
7673,2021-11-01,49000.0,10849160.547040462
7674,2021-11-01,50000.0,11615193.96094542
7675,2021-11-01,51000.0,11380145.10652264
7676,2021-11-01,52000.0,9004400.287853563
7677,2021-11-01,53000.0,25721127.43784344
7678,2021-11-01,54000.0,78536019.17746374
7679,2021-11-01,55000.0,71249463.43694617
7680,2021-11-01,56000.0,19956677.67463237
7681,2021-11-01,57000.0,25486617.141648717
7682,2021-11-01,58000.0,43828573.642461
7683,2021-11-01,59000.0,55094243.73238473
7684,2021-11-01,60000.0,23460101.71987248
7685,2021-11-01,61000.0,22069242.795467645
7686,2021-11-01,62000.0,21070674.636828303
7687,2021-11-01,63000.0,49188977.41141183
7688,2021-11-01,64000.0,25362176.73727226
7689,2021-11-01,65000.0,25934638.688292935
7690,2021-11-01,66000.0,23952357.262872074
7691,2021-11-01,67000.0,37583963.77559554
7692,2021-11-01,68000.0,19068741.43600908
7693,2021-11-01,69000.0,25095889.879546136
7694,2021-11-01,70000.0,75664799.90272227
7695,2021-11-01,71000.0,12644846.508644307
7696,2021-11-01,72000.0,12465998.532310573
7697,2021-11-01,73000.0,10734508.541906828
7698,2021-11-01,74000.0,9225033.54822876
7699,2021-11-01,75000.0,20855097.604122818
7700,2021-11-01,76000.0,2806396.3149439753
7701,2021-11-01,77000.0,6796209.640494533
7702,2021-11-01,78000.0,6373026.737454645
7703,2021-11-01,79000.0,9719006.203234147
7704,2021-11-01,80000.0,13825796.756495334
7705,2021-11-04,14000.0,0.0
7706,2021-11-04,15000.0,0.0
7707,2021-11-04,16000.0,0.0
7708,2021-11-04,17000.0,0.0
7709,2021-11-04,18000.0,0.0
7710,2021-11-04,19000.0,0.0
7711,2021-11-04,20000.0,0.0
7712,2021-11-04,21000.0,4310353.096592577
7713,2021-11-04,22000.0,3743313.211981586
7714,2021-11-04,23000.0,1207333.0053583912
7715,2021-11-04,24000.0,1558640.5581503252
7716,2021-11-04,25000.0,2088301.8703280967
7717,2021-11-04,26000.0,1399994.2541099605
7718,2021-11-04,27000.0,3858027.0194184636
7719,2021-11-04,28000.0,3633629.409490795
7720,2021-11-04,29000.0,3329810.127888982
7721,2021-11-04,30000.0,10969976.7822359
7722,2021-11-04,31000.0,4305727.767380724
7723,2021-11-04,32000.0,2397168.8011840964
7724,2021-11-04,33000.0,5416339.198063413
7725,2021-11-04,34000.0,5439314.302446065
7726,2021-11-04,35000.0,5456871.990481692
7727,2021-11-04,36000.0,3721269.89334193
7728,2021-11-04,37000.0,4916618.532532287
7729,2021-11-04,38000.0,5756284.297528529
7730,2021-11-04,39000.0,6601562.171115375
7731,2021-11-04,40000.0,9961831.302480992
7732,2021-11-04,41000.0,5893157.943974036
7733,2021-11-04,42000.0,8697374.1419471
7734,2021-11-04,43000.0,7382262.908597045
7735,2021-11-04,44000.0,2243825.9573074738
7736,2021-11-04,45000.0,6030534.252693899
7737,2021-11-04,46000.0,3589977.2849089713
7738,2021-11-04,47000.0,2418974.699991857
7739,2021-11-04,48000.0,4560681.141434854
7740,2021-11-04,49000.0,4181673.9657078274
7741,2021-11-04,50000.0,12769602.44946029
7742,2021-11-04,51000.0,11403119.145139772
7743,2021-11-04,52000.0,12466692.595298005
7744,2021-11-04,53000.0,16352077.039046157
7745,2021-11-04,54000.0,72781638.08954118
7746,2021-11-04,55000.0,38831807.17655916
7747,2021-11-04,56000.0,27621169.452704478
7748,2021-11-04,57000.0,24361915.790687665
7749,2021-11-04,58000.0,20159981.289206088
7750,2021-11-04,59000.0,35661491.36536362
7751,2021-11-04,60000.0,34795357.39706086
7752,2021-11-04,61000.0,46162198.72282814
7753,2021-11-04,62000.0,26572922.98904442
7754,2021-11-04,63000.0,24130965.746597752
7755,2021-11-04,64000.0,53082990.71327268
7756,2021-11-04,65000.0,39661888.14009043
7757,2021-11-04,66000.0,24159167.104319822
7758,2021-11-04,67000.0,40553912.80158703
7759,2021-11-04,68000.0,22203504.263968877
7760,2021-11-04,69000.0,20086519.872482706
7761,2021-11-04,70000.0,66724519.91633648
7762,2021-11-04,71000.0,20499757.81701536
7763,2021-11-04,72000.0,6607560.871464918
7764,2021-11-04,73000.0,5983079.708839535
7765,2021-11-04,74000.0,14137558.862352116
7766,2021-11-04,75000.0,35909826.644451156
7767,2021-11-04,76000.0,1451580.2309671477
7768,2021-11-04,77000.0,7096457.035792381
7769,2021-11-04,78000.0,9810240.19459962
7770,2021-11-04,79000.0,5145323.980422222
7771,2021-11-04,80000.0,26363501.434987795
7772,2021-11-07,14000.0,0.0
7773,2021-11-07,15000.0,0.0
7774,2021-11-07,16000.0,0.0
7775,2021-11-07,17000.0,0.0
7776,2021-11-07,18000.0,0.0
7777,2021-11-07,19000.0,0.0
7778,2021-11-07,20000.0,0.0
7779,2021-11-07,21000.0,2550847.582601357
7780,2021-11-07,22000.0,2153520.07049261
7781,2021-11-07,23000.0,784373.9095232205
7782,2021-11-07,24000.0,1918662.3457304195
7783,2021-11-07,25000.0,3070598.6788105266
7784,2021-11-07,26000.0,2029672.2546498817
7785,2021-11-07,27000.0,4101079.42246534
7786,2021-11-07,28000.0,4118449.9539663005
7787,2021-11-07,29000.0,4826119.492303938
7788,2021-11-07,30000.0,12652299.336051451
7789,2021-11-07,31000.0,3971148.4701770665
7790,2021-11-07,32000.0,4299847.544714573
7791,2021-11-07,33000.0,5524618.663466699
7792,2021-11-07,34000.0,2532965.9871452698
7793,2021-11-07,35000.0,4174713.377656867
7794,2021-11-07,36000.0,5394422.902361031
7795,2021-11-07,37000.0,2635598.333928629
7796,2021-11-07,38000.0,8718234.908470329
7797,2021-11-07,39000.0,5362973.750970948
7798,2021-11-07,40000.0,8777510.765445208
7799,2021-11-07,41000.0,4761076.387928015
7800,2021-11-07,42000.0,3751919.746237759
7801,2021-11-07,43000.0,2616323.539081713
7802,2021-11-07,44000.0,2792956.1594429226
7803,2021-11-07,45000.0,3439131.2598878657
7804,2021-11-07,46000.0,2212572.741912091
7805,2021-11-07,47000.0,2529806.2055710224
7806,2021-11-07,48000.0,6504202.338174173
7807,2021-11-07,49000.0,3339925.8330619433
7808,2021-11-07,50000.0,11578643.881125648
7809,2021-11-07,51000.0,8674872.266968865
7810,2021-11-07,52000.0,6072698.587603407
7811,2021-11-07,53000.0,12230821.752824545
7812,2021-11-07,54000.0,71184197.64875875
7813,2021-11-07,55000.0,56407980.4225845
7814,2021-11-07,56000.0,23680477.604781393
7815,2021-11-07,57000.0,17769920.207850065
7816,2021-11-07,58000.0,39976268.60432781
7817,2021-11-07,59000.0,19840342.269621387
7818,2021-11-07,60000.0,39991125.253198646
7819,2021-11-07,61000.0,56978073.949378006
7820,2021-11-07,62000.0,23657878.027705546
7821,2021-11-07,63000.0,10000551.584469557
7822,2021-11-07,64000.0,64629139.5692597
7823,2021-11-07,65000.0,45112433.446833454
7824,2021-11-07,66000.0,22170653.841436997
7825,2021-11-07,67000.0,23834070.77408329
7826,2021-11-07,68000.0,14043908.364532992
7827,2021-11-07,69000.0,36649708.802828416
7828,2021-11-07,70000.0,28982407.242313545
7829,2021-11-07,71000.0,14754809.031554775
7830,2021-11-07,72000.0,18315034.393854856
7831,2021-11-07,73000.0,13048684.209039498
7832,2021-11-07,74000.0,13646379.147831054
7833,2021-11-07,75000.0,16059786.622938065
7834,2021-11-07,76000.0,2717443.7335765613
7835,2021-11-07,77000.0,6691125.167639739
7836,2021-11-07,78000.0,7217336.294931491
7837,2021-11-07,79000.0,9064444.057867965
7838,2021-11-07,80000.0,20044689.5109055
7839,2021-11-10,14000.0,0.0
7840,2021-11-10,15000.0,0.0
7841,2021-11-10,16000.0,0.0
7842,2021-11-10,17000.0,0.0
7843,2021-11-10,18000.0,0.0
7844,2021-11-10,19000.0,0.0
7845,2021-11-10,20000.0,0.0
7846,2021-11-10,21000.0,1621305.1853999128
7847,2021-11-10,22000.0,2337960.7501275954
7848,2021-11-10,23000.0,1059838.9254068986
7849,2021-11-10,24000.0,3979176.8629008424
7850,2021-11-10,25000.0,2664653.957035815
7851,2021-11-10,26000.0,2060416.2131583916
7852,2021-11-10,27000.0,3117701.1967182127
7853,2021-11-10,28000.0,3240766.0490066903
7854,2021-11-10,29000.0,3362851.7527878894
7855,2021-11-10,30000.0,13870149.80224336
7856,2021-11-10,31000.0,2027056.0773842419
7857,2021-11-10,32000.0,3810057.797805466
7858,2021-11-10,33000.0,4486383.454909425
7859,2021-11-10,34000.0,5931607.796281455
7860,2021-11-10,35000.0,7065822.413739365
7861,2021-11-10,36000.0,2707904.26354572
7862,2021-11-10,37000.0,5424923.28877033
7863,2021-11-10,38000.0,4246491.094448436
7864,2021-11-10,39000.0,4069190.392712225
7865,2021-11-10,40000.0,9242940.101479365
7866,2021-11-10,41000.0,6569819.651237526
7867,2021-11-10,42000.0,5020439.208401945
7868,2021-11-10,43000.0,3110959.4630187987
7869,2021-11-10,44000.0,3968846.4410611033
7870,2021-11-10,45000.0,7035828.001376308
7871,2021-11-10,46000.0,1893913.3883171198
7872,2021-11-10,47000.0,2606419.6241863705
7873,2021-11-10,48000.0,5448713.141510356
7874,2021-11-10,49000.0,3893809.8705878877
7875,2021-11-10,50000.0,6137066.784233566
7876,2021-11-10,51000.0,4099869.616334432
7877,2021-11-10,52000.0,10900481.190884968
7878,2021-11-10,53000.0,12071759.704259198
7879,2021-11-10,54000.0,52056807.621848315
7880,2021-11-10,55000.0,26328992.744123586
7881,2021-11-10,56000.0,15766754.337666033
7882,2021-11-10,57000.0,15356612.197286762
7883,2021-11-10,58000.0,16133550.117528545
7884,2021-11-10,59000.0,16106264.784957573
7885,2021-11-10,60000.0,21232705.112738922
7886,2021-11-10,61000.0,37020565.483817056
7887,2021-11-10,62000.0,50460818.297581434
7888,2021-11-10,63000.0,40754412.15434645
7889,2021-11-10,64000.0,26969126.03828763
7890,2021-11-10,65000.0,11333883.074218001
7891,2021-11-10,66000.0,16897809.635717582
7892,2021-11-10,67000.0,12719585.048045527
7893,2021-11-10,68000.0,20220168.836402945
7894,2021-11-10,69000.0,23150731.48782124
7895,2021-11-10,70000.0,101923903.86316447
7896,2021-11-10,71000.0,76198123.21746184
7897,2021-11-10,72000.0,12375900.64125176
7898,2021-11-10,73000.0,18385436.934396505
7899,2021-11-10,74000.0,24157801.121156674
7900,2021-11-10,75000.0,37427162.129087
7901,2021-11-10,76000.0,3532169.5894181225
7902,2021-11-10,77000.0,11206245.70149765
7903,2021-11-10,78000.0,14488069.783461425
7904,2021-11-10,79000.0,7520973.367356791
7905,2021-11-10,80000.0,22185387.078693915
7906,2021-11-13,14000.0,0.0
7907,2021-11-13,15000.0,0.0
7908,2021-11-13,16000.0,0.0
7909,2021-11-13,17000.0,0.0
7910,2021-11-13,18000.0,0.0
7911,2021-11-13,19000.0,0.0
7912,2021-11-13,20000.0,0.0
7913,2021-11-13,21000.0,2880310.4661288336
7914,2021-11-13,22000.0,3664608.3039113297
7915,2021-11-13,23000.0,949161.5555475411
7916,2021-11-13,24000.0,2518887.9163479484
7917,2021-11-13,25000.0,4244717.011962975
7918,2021-11-13,26000.0,1727732.0871265584
7919,2021-11-13,27000.0,2133043.2649551076
7920,2021-11-13,28000.0,4222302.400396666
7921,2021-11-13,29000.0,2787124.067063856
7922,2021-11-13,30000.0,13552928.665742688
7923,2021-11-13,31000.0,1756077.9520488402
7924,2021-11-13,32000.0,3642623.64163377
7925,2021-11-13,33000.0,3170203.5532381646
7926,2021-11-13,34000.0,4431524.690368311
7927,2021-11-13,35000.0,4485411.576634286
7928,2021-11-13,36000.0,6358363.368750913
7929,2021-11-13,37000.0,4592111.328402592
7930,2021-11-13,38000.0,3768391.093540818
7931,2021-11-13,39000.0,2522437.91623946
7932,2021-11-13,40000.0,6914305.88615056
7933,2021-11-13,41000.0,6847311.416199453
7934,2021-11-13,42000.0,5573780.594890843
7935,2021-11-13,43000.0,6406945.896058454
7936,2021-11-13,44000.0,2925089.325679932
7937,2021-11-13,45000.0,4055138.516669017
7938,2021-11-13,46000.0,2259074.9170482247
7939,2021-11-13,47000.0,2029591.1344067098
7940,2021-11-13,48000.0,3486640.3121793508
7941,2021-11-13,49000.0,4957264.676678069
7942,2021-11-13,50000.0,6483526.563770235
7943,2021-11-13,51000.0,6931244.530673813
7944,2021-11-13,52000.0,9761074.661267973
7945,2021-11-13,53000.0,9731448.213190436
7946,2021-11-13,54000.0,58151450.35057264
7947,2021-11-13,55000.0,33315104.82455267
7948,2021-11-13,56000.0,16674862.107897244
7949,2021-11-13,57000.0,9005636.481530707
7950,2021-11-13,58000.0,25721018.97193708
7951,2021-11-13,59000.0,16766920.649917975
7952,2021-11-13,60000.0,50414635.754515044
7953,2021-11-13,61000.0,61940003.04713534
7954,2021-11-13,62000.0,33119296.884962708
7955,2021-11-13,63000.0,23365276.1854898
7956,2021-11-13,64000.0,20505459.011089068
7957,2021-11-13,65000.0,28059234.724215303
7958,2021-11-13,66000.0,53522236.90712795
7959,2021-11-13,67000.0,28966447.72726456
7960,2021-11-13,68000.0,38311298.46941022
7961,2021-11-13,69000.0,24075856.75541357
7962,2021-11-13,70000.0,75153629.87998316
7963,2021-11-13,71000.0,27883056.439156327
7964,2021-11-13,72000.0,18391661.231394988
7965,2021-11-13,73000.0,20091330.098136973
7966,2021-11-13,74000.0,23673152.170103207
7967,2021-11-13,75000.0,27598236.328502953
7968,2021-11-13,76000.0,3470562.8704609205
7969,2021-11-13,77000.0,7046342.761075969
7970,2021-11-13,78000.0,15107646.607690515
7971,2021-11-13,79000.0,9602933.743692556
7972,2021-11-13,80000.0,31196827.182924367
7973,2021-11-16,14000.0,0.0
7974,2021-11-16,15000.0,0.0
7975,2021-11-16,16000.0,0.0
7976,2021-11-16,17000.0,0.0
7977,2021-11-16,18000.0,0.0
7978,2021-11-16,19000.0,0.0
7979,2021-11-16,20000.0,0.0
7980,2021-11-16,21000.0,2943073.744063904
7981,2021-11-16,22000.0,2387412.2425476764
7982,2021-11-16,23000.0,671340.1405271424
7983,2021-11-16,24000.0,1911982.217543353
7984,2021-11-16,25000.0,3515140.105736381
7985,2021-11-16,26000.0,1671761.1202892824
7986,2021-11-16,27000.0,4729609.074138316
7987,2021-11-16,28000.0,4226442.178002358
7988,2021-11-16,29000.0,2383082.074187849
7989,2021-11-16,30000.0,4270852.689678266
7990,2021-11-16,31000.0,1545820.3136968599
7991,2021-11-16,32000.0,2049589.496651759
7992,2021-11-16,33000.0,3545011.4806533386
7993,2021-11-16,34000.0,4574366.1203248305
7994,2021-11-16,35000.0,3751838.126114388
7995,2021-11-16,36000.0,4922060.083534525
7996,2021-11-16,37000.0,1826143.3973259581
7997,2021-11-16,38000.0,4002174.4490745454
7998,2021-11-16,39000.0,3901813.1784975864
7999,2021-11-16,40000.0,5896827.7681827685
8000,2021-11-16,41000.0,5994168.203919595
8001,2021-11-16,42000.0,4083101.937967557
8002,2021-11-16,43000.0,4678603.010066979
8003,2021-11-16,44000.0,4556033.926767163
8004,2021-11-16,45000.0,4022813.1235198313
8005,2021-11-16,46000.0,4576804.4640507335
8006,2021-11-16,47000.0,2382183.7049437603
8007,2021-11-16,48000.0,4244873.311505418
8008,2021-11-16,49000.0,11591430.088269386
8009,2021-11-16,50000.0,9234936.954293692
8010,2021-11-16,51000.0,16670086.181250423
8011,2021-11-16,52000.0,13061891.789140884
8012,2021-11-16,53000.0,37247316.2822833
8013,2021-11-16,54000.0,71301169.31143408
8014,2021-11-16,55000.0,32555986.911016174
8015,2021-11-16,56000.0,44583825.91126165
8016,2021-11-16,57000.0,32117888.52987062
8017,2021-11-16,58000.0,36142988.95058075
8018,2021-11-16,59000.0,18853461.313432265
8019,2021-11-16,60000.0,17500976.767113533
8020,2021-11-16,61000.0,16536501.761177499
8021,2021-11-16,62000.0,25666212.103283815
8022,2021-11-16,63000.0,32899043.631954845
8023,2021-11-16,64000.0,20142935.981615026
8024,2021-11-16,65000.0,27700213.868985157
8025,2021-11-16,66000.0,19736488.924018946
8026,2021-11-16,67000.0,39621859.90249017
8027,2021-11-16,68000.0,20801930.876639903
8028,2021-11-16,69000.0,26288232.303385105
8029,2021-11-16,70000.0,67661733.82059836
8030,2021-11-16,71000.0,24277963.47959816
8031,2021-11-16,72000.0,23940980.460808445
8032,2021-11-16,73000.0,24973952.474868454
8033,2021-11-16,74000.0,9785964.85066595
8034,2021-11-16,75000.0,42157388.40622809
8035,2021-11-16,76000.0,6393029.943811203
8036,2021-11-16,77000.0,6126776.480866117
8037,2021-11-16,78000.0,14296957.539176164
8038,2021-11-16,79000.0,5825162.400586019
8039,2021-11-16,80000.0,15389880.429141255
8040,2021-11-19,14000.0,0.0
8041,2021-11-19,15000.0,0.0
8042,2021-11-19,16000.0,0.0
8043,2021-11-19,17000.0,0.0
8044,2021-11-19,18000.0,0.0
8045,2021-11-19,19000.0,0.0
8046,2021-11-19,20000.0,0.0
8047,2021-11-19,21000.0,1890092.9358921414
8048,2021-11-19,22000.0,3062045.0093842777
8049,2021-11-19,23000.0,923134.1964088893
8050,2021-11-19,24000.0,2134357.7470434667
8051,2021-11-19,25000.0,4324599.193854429
8052,2021-11-19,26000.0,1717792.8527168932
8053,2021-11-19,27000.0,3136503.112079743
8054,2021-11-19,28000.0,4827733.651149266
8055,2021-11-19,29000.0,1799582.6089448472
8056,2021-11-19,30000.0,4259461.500593221
8057,2021-11-19,31000.0,2535879.4890273935
8058,2021-11-19,32000.0,2602928.2263830416
8059,2021-11-19,33000.0,3268288.3074605195
8060,2021-11-19,34000.0,4774750.485821608
8061,2021-11-19,35000.0,3496102.603374121
8062,2021-11-19,36000.0,4952759.094135598
8063,2021-11-19,37000.0,1952321.2147191232
8064,2021-11-19,38000.0,7615342.774403484
8065,2021-11-19,39000.0,5307675.3990385495
8066,2021-11-19,40000.0,5982079.175821193
8067,2021-11-19,41000.0,5737175.159146566
8068,2021-11-19,42000.0,7172315.16026406
8069,2021-11-19,43000.0,4669992.464277859
8070,2021-11-19,44000.0,4096886.907458433
8071,2021-11-19,45000.0,6357289.4485951
8072,2021-11-19,46000.0,6468199.1534624975
8073,2021-11-19,47000.0,2108196.222563418
8074,2021-11-19,48000.0,3849130.20491037
8075,2021-11-19,49000.0,15712666.380689736
8076,2021-11-19,50000.0,18680349.88432661
8077,2021-11-19,51000.0,13302245.780526556
8078,2021-11-19,52000.0,10087246.79335211
8079,2021-11-19,53000.0,18909310.740368973
8080,2021-11-19,54000.0,80353733.64748903
8081,2021-11-19,55000.0,53462777.80144939
8082,2021-11-19,56000.0,45457095.47458494
8083,2021-11-19,57000.0,27697182.676033296
8084,2021-11-19,58000.0,63289575.81271748
8085,2021-11-19,59000.0,32475589.191310257
8086,2021-11-19,60000.0,7715974.002757615
8087,2021-11-19,61000.0,27177422.28860797
8088,2021-11-19,62000.0,26876219.77668851
8089,2021-11-19,63000.0,17529281.859438814
8090,2021-11-19,64000.0,20051385.919104908
8091,2021-11-19,65000.0,23122989.976557747
8092,2021-11-19,66000.0,25908703.04236821
8093,2021-11-19,67000.0,28657852.024867456
8094,2021-11-19,68000.0,47366872.28636904
8095,2021-11-19,69000.0,22791959.989936955
8096,2021-11-19,70000.0,84076146.36116612
8097,2021-11-19,71000.0,13165886.485333096
8098,2021-11-19,72000.0,15082907.484426204
8099,2021-11-19,73000.0,19361976.716371976
8100,2021-11-19,74000.0,9355672.113555633
8101,2021-11-19,75000.0,40914708.72666148
8102,2021-11-19,76000.0,5574667.718007015
8103,2021-11-19,77000.0,9078523.974735115
8104,2021-11-19,78000.0,14962151.254255952
8105,2021-11-19,79000.0,3033831.933310802
8106,2021-11-19,80000.0,24009572.518136006
